country,year,production_tonnes,yield_t_ha,area_harvested_ha,producer_price,production_growth_rate,production_ma3,production_deviation_from_ma3,production_intensity
Algeria,2001,1087.0,2717.5,400.0,63.33,-30.141388174807197,1321.5,-17.74498675747257,2.7175
Algeria,2002,837.0,3348.0,250.0,62.88,-22.999080036798524,1160.0,-27.844827586206893,3.348
Algeria,2003,981.0,2885.3,340.0,66.91,17.204301075268823,968.3333333333334,1.3080895008605813,2.885294117647059
Algeria,2004,679.0,3172.9,214.0,76.81,-30.78491335372069,832.3333333333334,-18.422106527833403,3.1728971962616823
Algeria,2005,1148.0,3386.4,339.0,73.98,69.0721649484536,936.0,22.64957264957265,3.3864306784660765
Algeria,2006,2456.0,6566.8,374.0,76.11,113.93728222996518,1427.6666666666667,72.02895166939061,6.566844919786096
Algeria,2007,1644.0,8562.5,192.0,85.96,-33.06188925081434,1749.3333333333333,-6.02134146341463,8.5625
Algeria,2008,1015.0,4471.4,227.0,98.49,-38.26034063260341,1705.0,-40.469208211143695,4.47136563876652
Algeria,2009,575.0,3091.4,186.0,92.57,-43.34975369458128,1078.0,-46.66048237476809,3.091397849462365
Algeria,2010,359.0,2582.7,139.0,93.95,-37.56521739130435,649.6666666666666,-44.740892765520776,2.58273381294964
Algeria,2011,575.0,2337.4,246.0,100.06,60.16713091922006,503.0,14.314115308151091,2.33739837398374
Algeria,2012,1755.0,2558.3,686.0,105.5,205.21739130434784,896.3333333333334,95.79769431015248,2.558309037900875
Algeria,2013,1245.0,3364.9,370.0,109.88,-29.059829059829056,1191.6666666666667,4.475524475524469,3.364864864864865
Algeria,2014,2572.0,2616.5,983.0,114.05,106.58634538152612,1857.3333333333333,38.47810480976311,2.6164801627670395
Algeria,2015,2794.0,3924.2,712.0,96.43,8.63141524105755,2203.6666666666665,26.788685524126464,3.9241573033707855
Algeria,2016,3686.5,4512.2,817.0,89.51,31.943450250536863,3017.5,22.17067108533554,4.512239902080784
Algeria,2017,2634.0,1300.7,2025.0,94.51,-28.550115285501157,3038.1666666666665,-13.302978770091608,1.3007407407407408
Algeria,2018,5512.0,4441.6,1241.0,99.82,109.26347760060744,3944.1666666666665,39.750686668075225,4.441579371474617
Algeria,2019,6368.0,4153.9,1533.0,100.14,15.52975326560233,4838.0,31.624638280281108,4.153946510110893
Algeria,2020,3221.0,6073.9,530.0,98.09,-49.41896984924623,5033.666666666667,-36.010860207933256,6.077358490566038
Algeria,2021,18491.0,5127.8,3606.0,97.8,474.0763737969575,9360.0,97.5534188034188,5.127842484747643
Algeria,2022,11000.0,5500.0,2000.0,101.64,-40.5116002379536,10904.0,0.880410858400587,5.5
Algeria,2023,12000.0,6000.0,2000.0,114.96,9.090909090909085,13830.333333333334,-13.234195367670102,6.0
Algeria,2024,12000.0,6000.0,2000.0,120.03,0.0,11666.666666666666,2.8571428571428625,6.0
Angola,2010,1072737.0,720.0,1489815.0,100.93,0.0,1072737.0,0.0,0.7200471199444226
Angola,2011,1262222.0,737.6,1711142.0,93.2,0.0,1262222.0,0.0,0.7376488917927325
Angola,2012,454343.0,777.0,584732.0,164.97,0.0,454343.0,0.0,0.7770106647147753
Angola,2013,1548750.0,946.7,1635980.0,93.25,0.0,1548750.0,0.0,0.9466802772650031
Angola,2014,1686869.0,1038.6,1624186.0,94.27,0.0,1686869.0,0.0,1.0385934862140174
Angola,2015,1878305.0,1123.4,1671922.0,103.51,11.348599090978606,1750681.0,7.2899631629063215,1.123440567203494
Angola,2016,2238456.0,978.5,2287574.0,102.22,19.17425551228369,1934543.3333333333,15.709788528903468,0.9785283448754007
Angola,2017,2380522.0,893.5,2664361.0,101.06,6.3466067682366845,2165761.0,9.91619112173504,0.8934682649986244
Angola,2018,2765316.0,1047.7,2639535.0,110.22,16.164269853418702,2461431.333333333,12.345851885095575,1.0476527115571492
Angola,2019,2818684.0,1066.6,2642691.0,110.88,1.9299060215902888,2654840.6666666665,6.171494033163579,1.0665961325028162
Angola,2020,2972177.0,1099.3,2703660.0,111.72,5.445555443604189,2852059.0,4.211623953080915,1.099316112233047
Angola,2021,2970208.0,1083.6,2741091.0,112.45,-0.0662477369281822,2920356.333333333,1.707040544938061,1.083586061170534
Angola,2022,3089902.0,1120.3,2758105.0,112.84,4.02981878710178,3010762.333333333,2.6285590792232303,1.1202989008757824
Angola,2023,3214698.0,1155.1,2783097.0,109.28,4.038833594075153,3091602.6666666665,3.981602638027661,1.155079395364229
Angola,2024,3352459.0,1189.0,2819479.0,109.42,4.285348110460152,3219019.6666666665,4.145340729511961,1.1890349245374765
Benin,2001,685902.0,1100.2,623412.0,97.78,-8.600264910546052,718172.0,-4.493352567351554,1.1002386864545437
Benin,2002,797496.0,1164.4,684882.0,99.96,16.269671177515164,744613.3333333334,7.102030584106286,1.1644283248793224
Benin,2003,788320.0,1189.9,662533.0,101.93,-1.150601382326677,757239.3333333334,4.104470713354381,1.189857712747893
Benin,2004,842017.0,1179.0,714154.0,103.74,6.811573980109609,809277.6666666666,4.045500658406081,1.1790412152000829
Benin,2005,864698.0,1144.7,755397.0,105.45,2.6936510783036383,831678.3333333334,3.9702449063840737,1.1446934525818877
Benin,2006,864772.0,1227.3,704610.0,107.1,0.0085579011400493,857162.3333333334,0.8877742722401428,1.227305885525326
Benin,2007,931600.0,1334.4,698120.0,108.7,7.7278172743798335,887023.3333333334,5.0254221046421135,1.3344410703030998
Benin,2008,978063.0,1127.9,867154.0,110.27,4.987440961786183,924811.6666666666,5.758073265367548,1.1279000039208722
Benin,2009,1205200.0,1397.7,862281.0,113.34,0.0,1205200.0,0.0,1.3976882246042763
Benin,2010,1012630.0,1102.8,918237.0,78.51,0.0,1012630.0,0.0,1.102798079362953
Benin,2011,1165957.0,1421.6,820161.0,93.71,0.0,1165957.0,0.0,1.421619657603812
Benin,2012,1185019.9,1262.2,938846.0,86.17,0.0,1178665.6,0.5391096507779686,1.2622090310871004
Benin,2013,1316597.69,1308.4,1006289.0,88.77,11.103424507892235,1228879.163333333,7.138092115479459,1.308369355125615
Benin,2014,1354344.16,1399.1,968030.0,105.25,2.8669706993029958,1285320.5833333333,5.37014481536286,1.399072508083427
Benin,2015,1286059.66,1281.3,1003715.0,93.71,-5.041886842115528,1319000.5033333332,-2.49740945891122,1.2812996318676118
Benin,2016,1376682.55,1376.2,1000361.0,101.04,0.0,1376682.55,0.0,1.376185746945353
Benin,2017,1454284.09,1321.5,1100513.0,102.13,0.0,1454284.09,0.0,1.3214601644869255
Benin,2018,1509758.35,1304.0,1157805.0,86.17,0.0,1509758.35,0.0,1.3039832700670666
Benin,2019,1580750.0,1075.2,1470250.0,88.77,0.0,1580750.0,0.0,1.0751572861758203
Benin,2020,1611615.13,1271.8,1267159.0,105.25,0.0,1611615.13,0.0,1.2718333926523822
Benin,2021,1628148.88,1206.4,1349543.0,134.69,0.0,1628148.88,0.0,1.2064446112498823
Benin,2022,1619605.06,1164.3,1391073.0,127.26,0.0,1619605.06,0.0,1.164284735596191
Benin,2023,2059254.0,991.9,2075990.0,114.24,0.0,2059254.0,0.0,0.991938304134413
Benin,2024,2094824.35,1190.5,1759588.0,156.44,0.0,2094824.35,0.0,1.1905197978163071
Botswana,2000,9347.0,112.3,83258.0,31.12,0.0,9347.0,0.0,0.112265488001153
Botswana,2001,4976.0,199.2,24977.0,24.59,0.0,4976.0,0.0,0.1992232854225887
Botswana,2002,16447.0,294.7,55803.0,34.41,0.0,16447.0,0.0,0.2947332580685626
Botswana,2003,1633.0,214.4,7617.0,45.16,0.0,1633.0,0.0,0.2143888670080084
Botswana,2004,7529.0,174.3,43208.0,45.98,0.0,7529.0,0.0,0.1742501388631734
Botswana,2005,16080.0,229.7,70000.0,42.31,113.57417983795987,10379.333333333334,54.92324490975656,0.2297142857142857
Botswana,2006,15162.0,251.1,60373.0,42.65,-5.708955223880596,12923.666666666666,17.31964612726007,0.2511387540788101
Botswana,2007,2158.0,121.9,17705.0,44.9,-85.76704920195225,11133.333333333334,-80.61676646706587,0.1218864727478113
Botswana,2008,8967.0,184.4,48633.0,49.67,315.5236329935125,8762.333333333334,2.3357553163160425,0.1843809758805749
Botswana,2009,20093.0,242.9,82710.0,48.88,124.0771718523475,10406.0,93.09052469729002,0.2429331398863499
Botswana,2010,10572.0,161.7,65388.0,50.77,-47.38466132483949,13210.666666666666,-19.97375857892612,0.1616810423930996
Botswana,2011,35222.0,347.3,101425.0,96.8,0.0,35222.0,0.0,0.3472713827951688
Botswana,2012,7677.0,137.0,56051.0,96.8,0.0,7677.0,0.0,0.1369645501418351
Botswana,2013,3844.0,84.9,45267.0,160.68,0.0,3844.0,0.0,0.0849183732078556
Botswana,2014,28550.0,274.0,104197.0,104.54,0.0,28550.0,0.0,0.2740002111385164
Botswana,2015,3792.0,255.2,14857.0,97.48,-86.71803852889668,20297.33333333333,-81.31774288904946,0.2552332233963788
Botswana,2016,15095.45,250.3,60320.0,97.98,298.0867616033755,15812.483333333332,-4.534602935022843,0.2502561339522546
Botswana,2017,12265.0,240.3,51030.0,103.58,-18.750351927236352,10384.15,18.11270060621236,0.2403488144228885
Botswana,2018,24633.18,321.5,76608.0,108.14,100.84125560538118,17331.210000000003,42.13191115911697,0.3215484022556391
Botswana,2019,7277.64,202.9,35862.0,97.62,-70.45594600453535,14725.273333333336,-50.57721622371696,0.2029345825665049
Botswana,2020,61946.57,667.0,92872.0,94.86,751.190358412892,31285.796666666665,98.00221378412505,0.6670101860625377
Botswana,2021,67436.11,798.0,84503.0,90.6,8.861733587509368,45553.44,48.03736007642891,0.7980321408707384
Botswana,2022,29782.35,438.4,67932.0,93.83,-55.83619814369483,53055.01,-43.86515052961069,0.4384141494435611
Botswana,2023,32740.39,609.4,53729.0,91.56,9.932191381808364,43319.61666666667,-24.421330290318824,0.6093616110480373
Botswana,2024,18000.0,600.0,30000.0,91.53,-45.0220354736153,26840.91333333334,-32.938198575955084,0.6
Burkina Faso,2000,423494.0,1754.3,241401.0,48.57,0.0,423494.0,0.0,1.7543175048984885
Burkina Faso,2001,606291.0,1811.5,334682.0,61.28,0.0,606291.0,0.0,1.8115434950191525
Burkina Faso,2002,653081.0,1738.1,375755.0,75.48,0.0,653081.0,0.0,1.7380500592141157
Burkina Faso,2003,665508.0,1528.4,435425.0,65.02,0.0,665508.0,0.0,1.5284101739679623
Burkina Faso,2004,481474.0,1266.6,380124.0,66.64,0.0,481474.0,0.0,1.2666235228504383
Burkina Faso,2005,799052.0,1805.8,442497.0,75.7,0.0,799052.0,0.0,1.8057794742111248
Burkina Faso,2006,866664.0,1944.4,445732.0,77.97,0.0,866664.0,0.0,1.944361185645186
Burkina Faso,2007,553874.0,1173.6,471927.0,98.52,0.0,553874.0,0.0,1.173643381285665
Burkina Faso,2008,1013634.0,1666.2,608368.0,90.56,83.0080487619928,707127.3333333334,43.34532865839344,1.6661527233516555
Burkina Faso,2009,894558.0,1528.6,585230.0,93.32,-11.747435464871936,820688.6666666666,9.000895995476975,1.5285580028364916
Burkina Faso,2010,1133452.0,1434.2,790321.0,95.82,26.705255556375327,1013881.3333333334,11.793359117635063,1.4341666234352877
Burkina Faso,2011,1076753.0,1535.6,701196.0,98.13,-5.002329167887131,1034921.0,4.042047653878895,1.5355948978602274
Burkina Faso,2012,1556316.0,1838.6,846488.0,100.3,44.53788380436367,1255507.0,23.959165500471123,1.838556482785344
Burkina Faso,2013,1585418.0,1735.3,913630.0,99.01,1.8699287291269904,1406162.3333333333,12.747864340935514,1.7352954697196896
Burkina Faso,2014,1433085.0,1910.9,749935.0,100.62,-9.60838088125655,1524939.6666666667,-6.023495137184668,1.9109456152866584
Burkina Faso,2015,1469612.0,1792.0,820117.0,98.86,2.548836949657552,1496038.3333333333,-1.766420869340464,1.7919540748454184
Burkina Faso,2016,1602525.0,1757.7,911728.0,100.52,9.044087827263247,1501740.6666666667,6.711167618377069,1.757678825263675
Burkina Faso,2017,1533431.0,1603.4,956386.0,102.34,0.0,1533431.0,0.0,1.6033599404424574
Burkina Faso,2018,1700127.04,1668.1,1019181.0,104.92,10.870788447605406,1588996.346666667,6.993766446754828,1.668130626453986
Burkina Faso,2019,1710897.56,1685.8,1014907.0,108.53,0.6335126579717354,1648151.8666666665,3.8070334780638095,1.6857678191203729
Burkina Faso,2020,1920101.0,1762.5,1089389.0,92.67,0.0,1920101.0,0.0,1.7625485478557246
Burkina Faso,2021,1853510.0,1520.8,1218764.0,127.79,0.0,1853510.0,0.0,1.520811248116945
Burkina Faso,2022,1810276.28,1660.2,1090429.0,173.37,0.0,1810276.28,0.0,1.6601505279114916
Burkina Faso,2023,1995359.46,1636.7,1219167.0,115.25,10.224029450355498,1871970.673333333,6.591384599362021,1.636658029621865
Burkina Faso,2024,1850000.0,1681.8,1100000.0,130.48,-7.284875878955665,1885211.913333333,-1.8677960331299557,1.681818181818182
Burundi,2000,117840.0,1052.1,112000.0,29.53,0.0,117840.0,0.0,1.052142857142857
Burundi,2001,124395.0,1081.7,115000.0,29.56,0.0,124395.0,0.0,1.081695652173913
Burundi,2002,126799.0,1093.1,116000.0,28.26,0.0,126799.0,0.0,1.093094827586207
Burundi,2003,120575.0,1067.0,113000.0,31.84,0.0,120575.0,0.0,1.0670353982300884
Burundi,2004,123199.0,1080.7,114000.0,42.25,0.0,123199.0,0.0,1.0806929824561404
Burundi,2005,125666.0,1083.3,116000.0,55.06,0.0,125666.0,0.0,1.0833275862068965
Burundi,2006,116825.0,1015.9,115000.0,48.63,0.0,116825.0,0.0,1.0158695652173912
Burundi,2007,115507.0,1020.4,113202.0,54.95,0.0,115507.0,0.0,1.0203618310630551
Burundi,2008,117681.0,1004.1,117200.0,62.3,1.8821370133411897,116231.66666666669,1.2469350005018671,1.00410409556314
Burundi,2009,120379.0,1003.2,120000.0,69.86,2.292638573771466,117855.66666666669,2.141036918038161,1.0031583333333334
Burundi,2010,126412.0,1059.5,119309.0,75.9,5.011671470937618,121490.66666666669,4.050791281634799,1.0595344860823577
Burundi,2011,128483.0,1108.7,115882.0,84.66,1.6382938328639796,125091.33333333331,2.711352238630978,1.1087399250962189
Burundi,2012,140536.0,1176.3,119478.0,90.39,0.0,140536.0,0.0,1.1762500209243545
Burundi,2013,162417.0,1321.8,122871.0,92.56,0.0,162417.0,0.0,1.3218497448543594
Burundi,2014,127829.0,1314.5,97242.0,77.11,0.0,127829.0,0.0,1.314545155385533
Burundi,2015,160713.0,1326.2,121179.0,103.55,25.72499198147524,138790.33333333334,15.79552850702858,1.3262446463496151
Burundi,2016,243740.0,1483.5,164306.0,119.35,51.66165773770635,177427.33333333334,37.37454958086126,1.4834516085839835
Burundi,2017,228355.0,1297.7,175965.0,177.7,0.0,228355.0,0.0,1.2977296621487229
Burundi,2018,290498.0,1528.9,190003.0,99.95,0.0,290498.0,0.0,1.5289127013783992
Burundi,2019,270813.0,1000.2,270755.0,131.21,0.0,270813.0,0.0,1.0002142158039555
Burundi,2020,405650.0,1167.2,347527.0,128.42,0.0,360704.3333333333,12.4605286139248,1.1672474368897956
Burundi,2021,610450.0,1219.9,500407.0,117.84,50.48687292000493,473916.6666666667,28.80956567610339,1.2199069957054958
Burundi,2022,781721.0,1235.8,632566.0,117.42,28.05651568515031,599273.6666666666,30.44474394280633,1.2357935772709885
Burundi,2023,602629.0,1208.1,498839.0,111.97,-22.90996404087904,664933.3333333334,-9.370012031281338,1.2080631225706089
Burundi,2024,590000.0,1226.5,481036.0,117.02,-2.09565088968503,658116.6666666666,-10.350241851748672,1.2265194288992924
Cameroon,2001,738627.0,2440.4,302667.0,60.41,0.0,738627.0,0.0,2.440394889432941
Cameroon,2002,861456.0,2067.9,416579.0,60.41,0.0,861456.0,0.0,2.067929492365194
Cameroon,2003,912280.0,1990.8,458237.0,64.36,0.0,912280.0,0.0,1.9908475308628504
Cameroon,2004,966106.0,1916.6,504060.0,67.82,5.900162230894024,930222.0,3.8575737834624415,1.916648811649407
Cameroon,2005,1050396.0,2133.4,492347.0,69.8,8.7247155074081,976260.6666666666,7.593805206396384,2.1334465326284104
Cameroon,2006,1249489.0,2222.4,562235.0,74.55,18.95408969569572,1088663.6666666667,14.772729012419196,2.2223607566231203
Cameroon,2007,1322160.0,2000.0,661080.0,81.03,5.816057604348668,1207348.3333333333,9.509406978654331,2.0
Cameroon,2008,1394832.0,2000.0,697416.0,98.3,0.0,1394832.0,0.0,2.0
Cameroon,2009,1625213.0,1978.7,821371.0,81.91,0.0,1625213.0,0.0,1.9786588520899813
Cameroon,2010,1670321.0,1974.1,846130.0,72.61,0.0,1670321.0,0.0,1.974071360192878
Cameroon,2011,1572067.0,2024.0,776694.0,89.29,0.0,1572067.0,0.0,2.0240493682196594
Cameroon,2012,1749976.0,1715.2,1020303.0,99.38,0.0,1749976.0,0.0,1.715153243693295
Cameroon,2013,1647036.0,1978.7,832400.0,104.54,-5.8823663867390135,1715662.6666666667,-4.000009325842614,1.978659298414224
Cameroon,2014,1959262.0,1764.5,1110400.0,108.86,18.95684125908601,1785424.6666666667,9.736469792247366,1.7644650576368877
Cameroon,2015,2070572.0,1740.6,1189547.0,94.99,5.681220786193975,1892290.0,9.421494591209592,1.7406390836175452
Cameroon,2016,2195941.0,1980.0,1109061.0,96.16,6.054800316047926,2075258.3333333333,5.815308134328662,1.9800001983660047
Cameroon,2017,2169226.1,1840.0,1178927.0,97.65,-1.216558186217198,2145246.3666666667,1.1178078987073947,1.840000356256155
Cameroon,2018,2398636.7,1845.6,1299661.0,104.24,10.575688721429266,2254601.266666667,6.38851026400262,1.84558642599878
Cameroon,2019,2217214.9,1905.5,1163612.0,102.01,-7.563538071438669,2261692.566666667,-1.9665655413201963,1.9054589502342705
Cameroon,2020,2087957.1,1784.7,1169941.0,100.4,-5.829737117498168,2234602.9,-6.562499314755199,1.7846687140633588
Cameroon,2021,2100000.0,1770.7,1186000.0,102.74,0.5767790918692617,2135057.333333333,-1.6419855704109187,1.7706576728499157
Cameroon,2022,2200000.0,1692.3,1300000.0,101.32,4.761904761904767,2129319.033333333,3.319416468842604,1.6923076923076923
Cameroon,2023,2200000.0,1833.3,1200000.0,103.34,0.0,2166666.6666666665,1.5384615384615457,1.8333333333333333
Cameroon,2024,2200000.0,1833.3,1200000.0,112.31,0.0,2200000.0,0.0,1.8333333333333333
Central African Republic,2012,84365.0,804.1,104917.0,85.87,0.0,84365.0,0.0,0.8041118217257451
Central African Republic,2013,67514.0,792.6,85180.0,95.82,0.0,67514.0,0.0,0.7926038976285513
Central African Republic,2014,79595.0,800.0,99494.0,106.2,17.894066415854493,71541.0,11.25788009672775,0.7999979898285323
Central African Republic,2015,80455.0,800.0,100568.0,94.04,1.0804698787612257,75854.66666666667,6.064667522103665,0.8000059661124811
Central African Republic,2016,96239.0,800.0,120299.0,99.76,19.61842023491393,85429.66666666667,12.652903558092616,0.7999983374757895
Central African Republic,2017,95720.0,800.0,119650.0,105.12,-0.5392824114963779,90804.66666666669,5.413084496391516,0.8
Central African Republic,2018,99549.0,800.0,124436.0,110.61,4.000208942749683,97169.33333333331,2.4489893930869875,0.8000016072519207
Central African Republic,2019,103531.0,800.0,129413.0,106.82,4.00004018121729,99600.0,3.946787148594377,0.8000046363193806
Central African Republic,2020,202077.0,701.0,288262.0,103.38,95.18501704803391,135052.33333333334,49.6286624691169,0.7010185178760988
Central African Republic,2021,208140.0,800.0,260175.0,97.16,3.0003414540002105,171249.33333333334,21.54207899592796,0.8
Central African Republic,2022,214384.0,800.0,267980.0,98.14,2.999903910829249,208200.3333333333,2.9700560838038954,0.8
Central African Republic,2023,220815.0,800.0,276019.0,100.52,2.999757444585427,214446.3333333333,2.9698184005633066,0.7999992754121998
Central African Republic,2024,200000.0,740.7,270000.0,102.23,-9.426442949980752,211733.0,-5.541413006002843,0.7407407407407407
Chad,2007,201257.0,1021.1,197103.0,65.41,0.0,201257.0,0.0,1.0210752753636425
Chad,2008,225993.0,961.3,235082.0,95.62,0.0,225993.0,0.0,0.9613368952110328
Chad,2009,209031.0,983.1,212628.0,105.71,0.0,209031.0,0.0,0.9830831311022068
Chad,2010,215797.0,817.4,263996.0,90.68,0.0,215797.0,0.0,0.8174252640191518
Chad,2011,299472.0,1227.1,244046.0,92.08,0.0,299472.0,0.0,1.2271129213345024
Chad,2012,455965.0,1367.9,333325.0,101.72,52.256304429128605,351636.3333333333,29.669478599575893,1.3679291982299555
Chad,2013,417986.0,1227.3,340565.0,111.35,-8.329367385654596,391141.0,6.863253916106979,1.2273310528093022
Chad,2014,332889.0,1164.0,285993.0,120.99,0.0,332889.0,0.0,1.163976041371642
Chad,2015,349500.0,1146.1,304942.0,85.97,0.0,349500.0,0.0,1.1461195899548111
Chad,2016,443779.0,1272.6,348716.0,93.05,0.0,443779.0,0.0,1.2726086557542526
Chad,2017,396506.0,1181.4,335637.0,88.84,0.0,396506.0,0.0,1.1813536648224123
Chad,2018,437898.34,1280.9,341872.0,89.77,0.0,437898.34,0.0,1.280883898067113
Chad,2019,414606.0,1262.5,328410.0,74.76,0.0,414606.0,0.0,1.2624646021741115
Chad,2020,407371.45,1202.9,338644.0,96.06,0.0,407371.45,0.0,1.2029489670568505
Chad,2021,364630.68,1123.6,324517.0,102.13,0.0,364630.68,0.0,1.123610411781201
Chad,2022,363985.0,1121.0,324696.0,117.52,0.0,363985.0,0.0,1.1210024145662405
Chad,2023,354241.0,1105.1,320540.0,148.69,0.0,354241.0,0.0,1.105138204280277
Chad,2024,394045.0,1272.8,309589.0,145.42,0.0,394045.0,0.0,1.272800390194742
Congo,2000,6355.0,800.0,7944.0,23.03,0.0,6355.0,0.0,0.7999748237663645
Congo,2001,6546.0,803.0,8152.0,21.01,0.0,6546.0,0.0,0.8029931305201178
Congo,2002,6742.0,806.0,8365.0,24.21,0.0,6742.0,0.0,0.8059772863120144
Congo,2003,8967.0,815.2,11000.0,21.79,0.0,8967.0,0.0,0.8151818181818182
Congo,2004,9191.0,806.2,11400.0,32.2,2.4980483996877467,9041.666666666666,1.6516129032258131,0.8062280701754386
Congo,2005,9300.0,808.7,11500.0,42.6,1.1859427701011782,9152.666666666666,1.609731225872248,0.808695652173913
Congo,2006,9400.0,817.4,11500.0,53.01,1.0752688172043,9297.0,1.1078842637409916,0.8173913043478261
Congo,2007,9500.0,791.7,12000.0,63.41,1.0638297872340496,9400.0,1.0638297872340423,0.7916666666666666
Congo,2008,9900.0,804.9,12300.0,73.82,4.210526315789465,9600.0,3.125,0.8048780487804879
Congo,2009,10200.0,809.5,12600.0,84.22,0.0,10200.0,0.0,0.8095238095238095
Congo,2010,10500.0,817.4,12845.0,102.2,0.0,10500.0,0.0,0.8174386920980926
Congo,2011,10713.86,828.5,12932.0,93.78,0.0,10713.86,0.0,0.8284766470770183
Congo,2012,10944.63,821.9,13316.0,103.23,0.0,10944.63,0.0,0.8219157404626013
Congo,2013,10973.41,823.9,13319.0,105.36,0.0,10973.41,0.0,0.8238914332907876
Congo,2014,8315.0,854.0,9737.0,108.75,0.0,9201.136666666667,-9.63073040613461,0.8539591249871624
Congo,2015,10768.0,869.1,12390.0,93.41,29.50090198436561,9132.666666666666,17.906416526753784,0.86908797417272
Congo,2016,11888.62,896.9,13255.0,97.84,10.406946508172377,10323.873333333337,15.15658528678835,0.8969158807996983
Congo,2017,12322.43,930.7,13240.0,80.81,3.648951686570845,11659.683333333334,5.684088046988119,0.9306971299093656
Congo,2018,12807.06,962.0,13312.0,118.39,3.932909336875912,12339.37,3.7902259191514536,0.962068810096154
Congo,2019,14000.0,1000.0,14000.0,92.02,9.31470610741263,13043.163333333332,7.335924899608975,1.0
Congo,2020,13000.0,1000.0,13000.0,128.22,-7.14285714285714,13269.02,-2.027429305253882,1.0
Congo,2021,13000.0,1000.0,13000.0,102.16,0.0,13333.333333333334,-2.5000000000000044,1.0
Congo,2022,13000.0,1000.0,13000.0,125.05,0.0,13000.0,0.0,1.0
Congo,2023,13000.0,1000.0,13000.0,107.96,0.0,13000.0,0.0,1.0
Congo,2024,13000.0,1000.0,13000.0,115.22,0.0,13000.0,0.0,1.0
Côte d'Ivoire,2000,576910.0,2028.7,284372.0,38.7,0.0,576910.0,0.0,2.0287159073326486
Côte d'Ivoire,2001,584538.0,2097.5,278680.0,45.07,0.0,584538.0,0.0,2.0975240419118704
Côte d'Ivoire,2002,592267.0,2168.7,273101.0,45.07,0.0,592267.0,0.0,2.1686738605863765
Côte d'Ivoire,2003,600098.0,2242.2,267635.0,58.0,0.0,600098.0,0.0,2.242225418947447
Côte d'Ivoire,2004,619831.0,2224.2,278679.0,57.49,0.0,619831.0,0.0,2.224175485056284
Côte d'Ivoire,2005,640213.0,2113.8,302879.0,55.87,0.0,640213.0,0.0,2.11375829951895
Côte d'Ivoire,2006,638753.0,2115.7,301906.0,56.46,0.0,638753.0,0.0,2.115734698879784
Côte d'Ivoire,2007,531940.0,1764.3,301495.0,66.02,0.0,531940.0,0.0,1.7643410338479908
Côte d'Ivoire,2008,630188.0,2031.3,310237.0,71.03,0.0,630188.0,0.0,2.031311545689263
Côte d'Ivoire,2009,637372.0,1996.6,319232.0,68.84,0.0,637372.0,0.0,1.996579290296712
Côte d'Ivoire,2010,641610.0,1980.0,324045.0,71.03,0.0,641610.0,0.0,1.9800027773920288
Côte d'Ivoire,2011,621790.0,1896.9,327800.0,81.61,0.0,621790.0,0.0,1.8968578401464309
Côte d'Ivoire,2012,654738.0,2120.0,308839.0,84.86,0.0,654738.0,0.0,2.1199977982055374
Côte d'Ivoire,2013,661285.0,2147.9,307869.0,89.88,0.0,661285.0,0.0,2.1479427938506315
Côte d'Ivoire,2014,680000.0,2149.1,316407.0,95.16,0.0,680000.0,0.0,2.149130708233383
Côte d'Ivoire,2015,1026000.0,2060.8,497864.0,101.35,0.0,1026000.0,0.0,2.060803753635531
Côte d'Ivoire,2016,967000.0,2048.6,472032.0,103.49,0.0,967000.0,0.0,2.0485899261067044
Côte d'Ivoire,2017,1025000.0,2076.3,493661.0,117.06,0.0,1025000.0,0.0,2.0763236309937385
Côte d'Ivoire,2018,1054960.0,2094.7,503630.0,114.29,0.0,1054960.0,0.0,2.094712388062665
Côte d'Ivoire,2019,1102433.0,2026.5,544000.0,116.41,0.0,1102433.0,0.0,2.02653125
Côte d'Ivoire,2020,1175715.0,2177.3,540000.0,118.84,0.0,1175715.0,0.0,2.17725
Côte d'Ivoire,2021,1139557.0,2110.3,540000.0,128.85,0.0,1139557.0,0.0,2.1102907407407407
Côte d'Ivoire,2022,1199340.0,2221.0,540000.0,112.0,0.0,1199340.0,0.0,2.221
Côte d'Ivoire,2023,1416232.0,2622.7,540000.0,128.39,0.0,1416232.0,0.0,2.622651851851852
Côte d'Ivoire,2024,1640661.0,2563.5,640000.0,129.3,0.0,1640661.0,0.0,2.5635328125
Egypt,2000,6474450.0,7680.0,843029.0,24.54,0.0,6474450.0,0.0,7.679984911551085
Egypt,2001,6093578.0,6979.8,873035.0,24.78,0.0,6093578.0,0.0,6.979763697904437
Egypt,2002,6430962.0,7765.6,828132.0,25.43,0.0,6430962.0,0.0,7.765624320760458
Egypt,2003,6530427.0,7829.3,834103.0,28.02,0.0,6530427.0,0.0,7.829281275813658
Egypt,2004,6236140.0,7908.7,788520.0,41.88,0.0,6236140.0,0.0,7.908664333181149
Egypt,2005,7085190.0,8160.7,868210.0,41.88,0.0,7085190.0,0.0,8.160686930581312
Egypt,2006,6374300.0,8370.5,761524.0,43.62,0.0,6374300.0,0.0,8.370451883328693
Egypt,2007,6243220.0,8046.3,775910.0,64.12,0.0,6243220.0,0.0,8.046319805132038
Egypt,2008,7401412.0,7905.3,936254.0,57.2,0.0,7401412.0,0.0,7.905346198787936
Egypt,2009,7686091.0,7818.4,983081.0,56.35,0.0,7686091.0,0.0,7.818370002064936
Egypt,2010,7041099.0,7270.0,968519.0,75.96,0.0,7041099.0,0.0,7.269964760629374
Egypt,2011,6876473.0,7740.9,888329.0,78.26,0.0,6876473.0,0.0,7.740907929382019
Egypt,2012,8093646.0,7772.3,1041345.0,87.89,0.0,8093646.0,0.0,7.772300246316062
Egypt,2013,7956593.0,7722.3,1030339.0,90.31,0.0,7956593.0,0.0,7.722305959494885
Egypt,2014,8059906.0,7755.6,1039241.0,91.81,0.0,8059906.0,0.0,7.755569689802462
Egypt,2015,7803183.0,7354.6,1060996.0,108.83,0.0,7803183.0,0.0,7.354582863648873
Egypt,2016,7817640.0,7607.1,1027682.0,99.37,0.0,7817640.0,0.0,7.60706132830973
Egypt,2017,8542635.0,7789.5,1096680.0,115.5,0.0,8542635.0,0.0,7.789542072436809
Egypt,2018,5111236.0,7516.2,680025.0,118.57,0.0,5111236.0,0.0,7.516247196794236
Egypt,2019,7593140.0,4951.3,1533571.0,220.49,0.0,7593140.0,0.0,4.951280377628424
Egypt,2020,7593175.0,7776.7,976401.0,225.23,0.0,7593175.0,0.0,7.776697279089227
Egypt,2021,8035715.0,7827.6,1026585.0,184.57,0.0,8035715.0,0.0,7.82761778128455
Egypt,2022,6857490.0,7508.3,913318.0,381.46,0.0,6857490.0,0.0,7.508326782128459
Egypt,2023,7446859.0,7623.5,976832.0,582.13,0.0,7446859.0,0.0,7.623479779532202
Egypt,2024,7206000.0,7585.3,950000.0,469.11,0.0,7206000.0,0.0,7.585263157894737
Eritrea,2000,5315.0,235.8,22541.0,18.24,0.0,5315.0,0.0,0.2357925557872321
Eritrea,2001,9051.0,785.1,11529.0,15.56,0.0,9051.0,0.0,0.785063752276867
Eritrea,2002,3008.0,207.6,14491.0,20.06,0.0,3008.0,0.0,0.2075771168311365
Eritrea,2003,4456.0,333.5,13362.0,23.23,48.13829787234043,3490.6666666666665,27.654698242933545,0.3334830115252207
Eritrea,2004,2291.0,240.9,9509.0,30.42,-48.58617594254937,3251.6666666666665,-29.543823680164017,0.2409296455989063
Eritrea,2005,13581.0,490.6,27685.0,29.7,492.7979048450458,6776.0,100.42798110979928,0.4905544518692433
Eritrea,2006,28404.0,975.5,29116.0,33.06,109.1451292246521,14758.666666666666,92.45640979311592,0.9755460914960846
Eritrea,2007,13686.0,832.1,16448.0,35.47,-51.81664554288128,18557.0,-26.248854879560277,0.8320768482490273
Eritrea,2008,4148.0,212.3,19534.0,41.18,-69.69165570656145,15412.666666666666,-73.08707124010554,0.2123477014436367
Eritrea,2009,16652.0,868.9,19164.0,53.32,301.4464802314368,11495.333333333334,44.8587832743722,0.8689208933416823
Eritrea,2010,18000.0,900.0,20000.0,59.5,8.095123708863806,12933.333333333334,39.17525773195876,0.9
Eritrea,2011,20000.0,952.4,21000.0,67.44,11.111111111111116,18217.33333333333,9.78555222132768,0.9523809523809524
Eritrea,2012,22000.0,1047.6,21000.0,74.71,10.000000000000009,20000.0,10.0,1.0476190476190477
Eritrea,2013,20000.0,1000.0,20000.0,82.12,-9.090909090909092,20666.666666666668,-3.225806451612909,1.0
Eritrea,2014,18000.0,947.4,19000.0,90.49,-9.999999999999998,20000.0,-10.0,0.9473684210526316
Eritrea,2015,20000.0,1000.0,20000.0,99.47,11.111111111111116,19333.33333333333,3.4482758620689715,1.0
Eritrea,2016,20000.0,1000.0,20000.0,110.04,0.0,19333.33333333333,3.4482758620689715,1.0
Eritrea,2017,20000.0,1000.0,20000.0,121.71,0.0,20000.0,0.0,1.0
Eritrea,2018,20000.0,1000.0,20000.0,113.45,0.0,20000.0,0.0,1.0
Eritrea,2019,20000.0,1000.0,20000.0,127.57,0.0,20000.0,0.0,1.0
Eritrea,2020,20000.0,1000.0,20000.0,133.91,0.0,20000.0,0.0,1.0
Eritrea,2021,20000.0,1000.0,20000.0,136.13,0.0,20000.0,0.0,1.0
Eritrea,2022,20000.0,1000.0,20000.0,136.98,0.0,20000.0,0.0,1.0
Eritrea,2023,20000.0,1000.0,20000.0,137.14,0.0,20000.0,0.0,1.0
Eritrea,2024,20000.0,1000.0,20000.0,171.45,0.0,20000.0,0.0,1.0
Ethiopia,2000,2682940.0,1620.4,1655750.0,22.65,0.0,2682940.0,0.0,1.6203774724445117
Ethiopia,2001,3298330.0,1742.7,1892690.0,15.49,0.0,3298330.0,0.0,1.7426678431227511
Ethiopia,2002,2825555.0,1875.3,1506759.0,13.17,0.0,2825555.0,0.0,1.8752534413267152
Ethiopia,2003,2743880.0,1531.9,1791115.0,25.15,0.0,2743880.0,0.0,1.5319396018681102
Ethiopia,2004,2906314.0,1613.2,1801566.0,23.46,0.0,2906314.0,0.0,1.6132153914982854
Ethiopia,2005,3911869.0,2006.0,1950115.0,28.96,0.0,3911869.0,0.0,2.005968365968161
Ethiopia,2006,4029630.0,2640.4,1526125.0,27.73,0.0,4029630.0,0.0,2.6404324678515847
Ethiopia,2007,4281077.53,1823.2,2348154.0,55.7,0.0,4281077.53,0.0,1.823167275229819
Ethiopia,2008,4473011.03,1883.4,2374989.0,77.66,0.0,4473011.03,0.0,1.8833817882945985
Ethiopia,2009,4796706.24,1984.9,2416619.0,89.36,7.236628924655264,4580909.433333334,4.710785266707193,1.9848831114875785
Ethiopia,2010,5481405.9,2192.6,2499980.0,56.39,0.0,5481405.9,0.0,2.1925799006392053
Ethiopia,2011,5747070.0,2221.3,2587240.0,54.55,0.0,5747070.0,0.0,2.221313059476508
Ethiopia,2012,6700800.7,2593.3,2583900.0,97.07,0.0,6700800.7,0.0,2.593289484887186
Ethiopia,2013,7105706.19,2740.3,2593066.0,99.15,0.0,7105706.19,0.0,2.74027201390169
Ethiopia,2014,7729849.74,2950.2,2620090.0,111.4,0.0,7729849.74,0.0,2.9502229847066324
Ethiopia,2015,8211424.38,2776.5,2957510.0,94.76,0.0,8211424.38,0.0,2.776465465881772
Ethiopia,2016,8846787.38,2946.8,3002159.0,93.84,0.0,8846787.38,0.0,2.94680840688318
Ethiopia,2017,10488192.84,3311.9,3166792.0,111.17,0.0,10488192.84,0.0,3.3119298141463034
Ethiopia,2018,10864092.0,3336.8,3255852.0,130.35,0.0,10864092.0,0.0,3.336789264376882
Ethiopia,2019,11555370.0,3655.2,3161370.0,122.85,6.362961580222248,11094518.0,4.15387130833444,3.655177976636711
Ethiopia,2020,10945980.0,3711.2,2949450.0,145.13,-5.273651990373307,11121814.0,-1.5809831022169585,3.711193612368408
Ethiopia,2021,11737527.72,3433.0,3419008.0,164.91,7.23140111712246,11412959.24,2.8438591006481198,3.4330214260978624
Ethiopia,2022,11853521.14,3488.5,3397887.0,159.46,0.9882270165151974,11512342.953333331,2.9635860228423896,3.4884977458049664
Ethiopia,2023,11512342.95,3409.2,3376888.0,216.4,-2.8782855825741693,11701130.603333334,-1.6134137779776063,3.409157469836133
Ethiopia,2024,11701130.61,3443.6,3397928.0,192.58,1.6398717517358108,11688998.233333334,0.1037931260188522,3.443607577912186
Gambia,2000,22000.0,1605.8,13700.0,10.37,0.0,22000.0,0.0,1.6058394160583942
Gambia,2001,28988.0,1685.2,17202.0,14.83,0.0,28988.0,0.0,1.6851528891989302
Gambia,2002,18580.0,1012.5,18350.0,29.66,0.0,18580.0,0.0,1.0125340599455042
Gambia,2003,33353.0,1584.9,21044.0,37.26,0.0,33353.0,0.0,1.5849173160996008
Gambia,2004,29209.0,1207.0,24200.0,45.34,0.0,29209.0,0.0,1.20698347107438
Gambia,2005,29002.0,1051.7,27576.0,53.6,0.0,29002.0,0.0,1.0517116333043226
Gambia,2006,27750.0,894.5,31023.0,37.2,0.0,27750.0,0.0,0.894497630790059
Gambia,2007,31408.0,868.7,36156.0,38.0,13.181981981981972,28969.33333333333,8.418097298292452,0.8686801637349264
Gambia,2008,44894.0,1033.0,43460.0,38.57,42.938104941416185,34684.0,29.437204474685736,1.0329958582604697
Gambia,2009,54625.0,1162.2,47000.0,38.53,0.0,54625.0,0.0,1.1622340425531914
Gambia,2010,66000.0,1250.0,52800.0,40.19,0.0,66000.0,0.0,1.25
Gambia,2011,23613.0,934.9,25256.0,48.29,0.0,23613.0,0.0,0.934946151409566
Gambia,2012,30106.0,1064.3,28288.0,54.88,0.0,30106.0,0.0,1.0642675339366516
Gambia,2013,33060.0,996.7,33170.0,60.13,0.0,33060.0,0.0,0.9966837503768464
Gambia,2014,30289.0,825.2,36703.0,75.33,0.0,31212.666666666668,-2.959268672974651,0.8252458927063183
Gambia,2015,38520.0,939.5,41000.0,98.54,27.17488197035227,33032.666666666664,16.61183878584836,0.9395121951219512
Gambia,2016,31005.0,721.0,43000.0,126.13,-19.50934579439252,33271.333333333336,-6.811669705652521,0.721046511627907
Gambia,2017,21441.0,612.6,35000.0,139.48,0.0,21441.0,0.0,0.6126
Gambia,2018,18069.63,516.3,35000.0,126.63,0.0,18069.63,0.0,0.5162751428571429
Gambia,2019,16088.1,459.7,35000.0,134.57,0.0,16088.1,0.0,0.45966
Gambia,2020,17363.0,595.5,29159.0,192.92,0.0,17363.0,0.0,0.5954593778936178
Gambia,2021,27895.0,1064.8,26198.0,207.99,0.0,27895.0,0.0,1.0647759370944347
Gambia,2022,19523.0,819.4,23825.0,210.87,0.0,19523.0,0.0,0.8194333683105981
Gambia,2023,21220.0,806.1,26325.0,228.05,0.0,21220.0,0.0,0.8060778727445395
Gambia,2024,25817.37,932.4,27688.0,245.69,0.0,25817.37,0.0,0.9324389627275352
Ghana,2000,1012700.0,1457.8,694700.0,7.19,0.0,1012700.0,0.0,1.4577515474305456
Ghana,2001,937973.0,1315.0,713303.0,11.53,0.0,937973.0,0.0,1.3149713375662235
Ghana,2002,1400000.0,1490.0,939600.0,10.3,0.0,1400000.0,0.0,1.489995742869306
Ghana,2003,1288600.0,1627.2,791900.0,11.5,0.0,1288600.0,0.0,1.627225659805531
Ghana,2004,1157621.0,1579.4,732955.0,16.27,0.0,1157621.0,0.0,1.5793889120068765
Ghana,2005,1171000.0,1561.3,750000.0,25.53,0.0,1171000.0,0.0,1.5613333333333332
Ghana,2006,1189000.0,1499.4,793000.0,17.92,0.0,1189000.0,0.0,1.4993694829760404
Ghana,2007,1219600.0,1543.7,790070.0,20.82,0.0,1219600.0,0.0,1.5436606882934425
Ghana,2008,1470080.0,1737.1,846260.0,35.99,0.0,1470080.0,0.0,1.7371493394465058
Ghana,2009,1619590.0,1696.9,954430.0,41.37,0.0,1619590.0,0.0,1.6969185796758277
Ghana,2010,1871695.0,1887.4,991669.0,37.45,0.0,1871695.0,0.0,1.8874190884256743
Ghana,2011,1683984.0,1645.8,1023177.0,49.84,0.0,1683984.0,0.0,1.6458384033261106
Ghana,2012,1949897.0,1871.2,1042083.0,60.34,0.0,1861259.3333333333,4.762241622070222,1.871153257466056
Ghana,2013,1764477.0,1724.0,1023459.0,74.17,-9.509220230607053,1888090.3333333333,-6.547003135972834,1.7240329119192854
Ghana,2014,1762000.0,1729.1,1019000.0,84.85,-0.1403815408191788,1825458.0,-3.47627828194349,1.7291462217860647
Ghana,2015,1691643.9,1921.8,880250.0,101.55,0.0,1691643.9,0.0,1.921776654359557
Ghana,2016,1721910.12,1950.0,883031.0,113.6,0.0,1721910.12,0.0,1.949999626287186
Ghana,2017,2011179.42,2011.2,1000000.0,85.16,0.0,2011179.42,0.0,2.01117942
Ghana,2018,2306383.95,2258.9,1021000.0,99.83,0.0,2306383.95,0.0,2.258946082272282
Ghana,2019,2911000.0,2531.3,1150000.0,80.93,0.0,2911000.0,0.0,2.531304347826087
Ghana,2020,3071000.0,2582.8,1189000.0,125.99,0.0,3071000.0,0.0,2.582842724978974
Ghana,2021,3203000.0,2530.0,1266000.0,185.36,0.0,3203000.0,0.0,2.5300157977883098
Ghana,2022,3255718.0,2504.4,1300000.0,288.43,0.0,3255718.0,0.0,2.5043984615384614
Ghana,2023,3579000.0,2753.1,1300000.0,377.25,9.929668355797403,3363478.6666666665,6.407691402036547,2.753076923076923
Ghana,2024,3794000.0,2772.1,1368623.0,409.4,6.007264599050011,3542906.0,7.087232909933258,2.772129359217257
Guinea,2000,329025.0,1423.0,231220.0,28.2,0.0,329025.0,0.0,1.422995415621486
Guinea,2001,356893.0,1443.0,247327.0,35.47,0.0,356893.0,0.0,1.4430005620090005
Guinea,2002,388679.0,1466.4,265060.0,34.36,0.0,388679.0,0.0,1.4663811967101787
Guinea,2003,423295.0,1490.1,284065.0,34.33,0.0,423295.0,0.0,1.4901343002481826
Guinea,2004,460994.0,1514.3,304432.0,42.92,0.0,460994.0,0.0,1.514275766016713
Guinea,2005,502051.0,1538.8,326260.0,53.64,0.0,502051.0,0.0,1.538806473364801
Guinea,2006,546765.0,1563.7,349653.0,60.15,0.0,546765.0,0.0,1.5637360468807646
Guinea,2007,595460.0,1589.1,374723.0,66.74,0.0,595460.0,0.0,1.589067124249112
Guinea,2008,522695.0,1079.3,484296.0,73.31,0.0,522695.0,0.0,1.0792882865024696
Guinea,2009,565667.0,1631.8,346652.0,79.84,0.0,565667.0,0.0,1.6318007684940516
Guinea,2010,584141.0,1631.3,358092.0,78.71,0.0,584141.0,0.0,1.6312595645811692
Guinea,2011,611294.0,1658.4,368607.0,83.73,0.0,611294.0,0.0,1.6583895585271031
Guinea,2012,641045.0,1220.0,525447.0,87.93,0.0,641045.0,0.0,1.2199993529318849
Guinea,2013,672244.0,1250.0,537795.0,92.91,0.0,672244.0,0.0,1.250000464861146
Guinea,2014,698462.0,1232.3,566780.0,97.84,0.0,698462.0,0.0,1.2323335332933414
Guinea,2015,727488.0,1250.3,581847.0,102.71,0.0,727488.0,0.0,1.2503080706783742
Guinea,2016,748639.0,1226.5,610389.0,99.46,0.0,748639.0,0.0,1.2264949073459712
Guinea,2017,817286.0,1350.0,605397.0,104.23,0.0,817286.0,0.0,1.3500000825904324
Guinea,2018,818544.0,1338.6,611474.0,109.19,0.0,818544.0,0.0,1.338640727160926
Guinea,2019,773452.0,1450.0,533415.0,291.82,0.0,773452.0,0.0,1.4500004686782335
Guinea,2020,792509.0,1420.0,558105.0,491.18,0.0,792509.0,0.0,1.4199998208222466
Guinea,2021,798327.0,1450.0,550570.0,514.61,0.0,798327.0,0.0,1.4500009081497358
Guinea,2022,814706.25,1500.0,543138.0,539.11,0.0,814706.25,0.0,1.4999986191354684
Guinea,2023,982000.0,1510.8,650000.0,572.32,0.0,982000.0,0.0,1.5107692307692309
Guinea,2024,937000.0,1441.5,650000.0,580.32,0.0,937000.0,0.0,1.4415384615384614
Guinea-Bissau,2001,28088.0,970.0,28957.0,92.04,9.406769758111633,26880.5,4.492103941518945,0.9699899851503954
Guinea-Bissau,2002,22113.0,1494.1,14800.0,92.04,0.0,22113.0,0.0,1.4941216216216215
Guinea-Bissau,2003,20639.0,1143.5,18050.0,91.73,0.0,20639.0,0.0,1.1434349030470914
Guinea-Bissau,2004,31868.0,1097.8,29030.0,91.88,0.0,31868.0,0.0,1.0977609369617638
Guinea-Bissau,2005,39835.0,1082.6,36796.0,94.34,0.0,39835.0,0.0,1.082590498967279
Guinea-Bissau,2006,41827.0,1050.6,39813.0,91.58,0.0,41827.0,0.0,1.050586491849396
Guinea-Bissau,2007,13907.0,942.9,14749.0,97.71,0.0,13907.0,0.0,0.942911383822632
Guinea-Bissau,2008,16690.0,1146.1,14562.0,94.95,0.0,16690.0,0.0,1.146133772833402
Guinea-Bissau,2009,16600.0,989.6,16774.0,82.6,-0.5392450569203122,16660.0,-0.3601440576230492,0.9896268033861928
Guinea-Bissau,2010,12312.0,1047.0,11760.0,86.46,-25.83132530120482,15200.666666666666,-19.003552475768604,1.046938775510204
Guinea-Bissau,2011,8000.0,1050.9,7613.0,101.85,-35.022742040285905,12304.0,-34.980494148244475,1.0508340995665308
Guinea-Bissau,2012,7195.0,1046.6,6874.0,95.57,-10.062499999999996,9169.0,-21.52906532882539,1.046697701483852
Guinea-Bissau,2013,7321.0,1046.6,6995.0,91.61,1.7512161223071532,7505.333333333333,-2.4560312666548194,1.0466047176554685
Guinea-Bissau,2014,7000.0,1000.0,7000.0,91.97,-4.384646906160361,7172.0,-2.3982152816508644,1.0
Guinea-Bissau,2015,6000.0,857.1,7000.0,101.11,-14.28571428571429,6773.666666666667,-11.421682003838397,0.8571428571428571
Guinea-Bissau,2016,6000.0,857.1,7000.0,106.92,0.0,6333.333333333333,-5.263157894736838,0.8571428571428571
Guinea-Bissau,2017,7000.0,1000.0,7000.0,130.03,16.666666666666675,6333.333333333333,10.526315789473689,1.0
Guinea-Bissau,2018,7000.0,1000.0,7000.0,135.03,0.0,6666.666666666667,4.999999999999996,1.0
Guinea-Bissau,2019,9678.0,778.0,12440.0,135.03,38.25714285714285,7892.666666666667,22.62015372920009,0.7779742765273312
Guinea-Bissau,2020,13470.0,818.0,16467.0,139.89,39.18164910105393,10049.333333333334,34.038742205121395,0.8179996356349062
Guinea-Bissau,2021,16971.0,826.0,20546.0,99.15,25.991091314031188,13373.0,26.904957750691693,0.8260001946850969
Guinea-Bissau,2022,20328.0,1016.4,20000.0,123.61,19.780802545518817,16923.0,20.120546002481827,1.0164
Guinea-Bissau,2023,21000.0,1400.0,15000.0,79.7,3.305785123966931,19433.0,8.063603149282148,1.4
Guinea-Bissau,2024,15000.0,1000.0,15000.0,126.7,-28.57142857142857,18776.0,-20.110779718789946,1.0
Kenya,2000,13500.0,1440.0,1500000.0,47.48,0.0,13500.0,0.0,0.009
Kenya,2001,13500.0,1701.2,1640000.0,43.6,0.0,13500.0,0.0,0.0082317073170731
Kenya,2002,13500.0,1512.6,1592315.0,36.51,0.0,13500.0,0.0,0.0084782219598509
Kenya,2003,13500.0,1622.4,1670914.0,39.18,0.0,13500.0,0.0,0.008079410430459
Kenya,2004,13500.0,1929.3,1351327.0,50.26,0.0,13500.0,0.0,0.009990180023044
Kenya,2005,13500.0,1640.5,1771123.0,49.92,0.0,13500.0,0.0,0.0076222825856815
Kenya,2006,14400.0,1719.7,1888185.0,50.3,0.0,14400.0,0.0,0.0076263713566202
Kenya,2007,13950.0,1813.2,1615304.0,51.32,0.0,13950.0,0.0,0.0086361452704877
Kenya,2008,13950.0,1392.5,1700000.0,80.11,0.0,13950.0,0.0,0.0082058823529411
Kenya,2009,13950.0,1294.3,1884368.0,78.34,0.0,13950.0,0.0,0.0074030125750384
Kenya,2010,13249.78,1725.1,2008346.0,56.39,0.0,13249.78,0.0,0.006597359219975
Kenya,2011,15852.99,1584.0,2131887.0,81.9,0.0,15852.99,0.0,0.0074361305266179
Kenya,2012,14923.05,1736.6,2159322.0,111.25,0.0,14923.05,0.0,0.006910988727017
Kenya,2013,15828.87,1692.2,2123138.0,102.64,0.0,15828.87,0.0,0.0074554126957362
Kenya,2014,15256.87,1660.2,2116141.0,108.72,0.0,15256.87,0.0,0.007209760597238
Kenya,2015,17591.14,1823.0,2098240.0,94.03,0.0,17591.14,0.0,0.008383759722434
Kenya,2016,17169.17,1428.4,2337586.0,97.26,0.0,17169.17,0.0,0.0073448292383681
Kenya,2017,16288.22,1527.2,2086178.0,103.98,-99.4887564344005,1073152.4633333334,-98.48220820838384,0.0078076846750373
Kenya,2018,16993.98,1765.6,2273283.0,107.71,-99.57660881167342,1349019.88,-98.74027208553812,0.0074755232850463
Kenya,2019,16355.22,1560.0,2296174.0,108.11,0.0,16355.22,0.0,0.0071228138634093
Kenya,2020,15075.64,1774.1,2135741.0,101.56,0.0,15075.64,0.0,0.0070587398003784
Kenya,2021,2000.0,1523.8,2168603.0,98.37,0.0,2000.0,0.0,0.0009222527129216
Kenya,2022,14000.0,1458.3,2113520.0,173.66,0.0,14000.0,0.0,0.0066240205912411
Kenya,2023,8925.28,1763.4,2430014.0,200.39,0.0,8925.28,0.0,0.0036729335715761
Kenya,2024,4023000.0,1666.2,2414536.0,205.78,0.0,4023000.0,0.0,1.6661586325488624
Lesotho,2020,21782.0,456.9,47669.0,183.3,0.0,21782.0,0.0,0.4569426671421678
Lesotho,2021,88553.0,1025.2,86379.0,222.6,0.0,88553.0,0.0,1.025168154296762
Lesotho,2022,72096.0,804.6,89602.0,237.8,0.0,72096.0,0.0,0.8046248967656972
Madagascar,2000,169800.0,883.8,192135.0,43.41,0.0,169800.0,0.0,0.8837536107424467
Madagascar,2001,179550.0,929.0,193270.0,40.87,0.0,179550.0,0.0,0.9290112278160086
Madagascar,2002,171950.0,884.5,194405.0,41.27,0.0,171950.0,0.0,0.8844937115814923
Madagascar,2003,317860.0,1625.5,195540.0,30.29,0.0,317860.0,0.0,1.6255497596399713
Madagascar,2004,349646.0,1777.9,196660.0,47.55,10.000000000000009,328455.3333333333,6.451612903225813,1.777921285467304
Madagascar,2005,391000.0,1546.4,252838.0,61.58,11.82739113274569,352835.3333333333,10.816565990178615,1.5464447590947563
Madagascar,2006,405344.0,1589.1,255070.0,80.75,0.0,405344.0,0.0,1.589148076998471
Madagascar,2007,416767.0,1619.1,257400.0,106.09,0.0,416767.0,0.0,1.6191414141414142
Madagascar,2008,430334.0,1656.9,259730.0,86.33,0.0,430334.0,0.0,1.6568513456281524
Madagascar,2009,425204.0,1622.5,262069.0,96.14,0.0,425204.0,0.0,1.6224887338830614
Madagascar,2010,411914.0,1557.7,264429.0,100.38,0.0,411914.0,0.0,1.557748960968729
Madagascar,2011,428390.0,1545.5,277182.0,97.7,0.0,428390.0,0.0,1.5455188287839758
Madagascar,2012,447948.0,1659.1,269997.0,98.11,4.565466047293354,434909.3333333333,2.998019510579988,1.659085100945566
Madagascar,2013,380848.0,1658.1,229684.0,102.76,-14.979417253788386,419062.0,-9.11893705466017,1.6581390083767262
Madagascar,2014,366172.0,1683.2,217542.0,99.27,-3.8535058606058095,398322.6666666667,-8.07151321206928,1.683224388853647
Madagascar,2015,329367.0,1714.2,192137.0,100.0,-10.051287373147044,358795.6666666667,-8.202068586855846,1.7142299505040677
Madagascar,2016,316331.0,1730.9,182758.0,100.73,-3.9578949925159423,337290.0,-6.213940525956891,1.7308736142877466
Madagascar,2017,281487.0,1740.6,161716.0,101.47,-11.015044368082805,309061.6666666667,-8.922059783106937,1.7406255410720028
Madagascar,2018,215000.0,1751.6,122742.0,102.2,-23.61991850422932,270939.3333333333,-20.64644237701428,1.7516416548532694
Madagascar,2019,219220.0,1736.3,126258.0,102.93,1.9627906976744212,238569.0,-8.110441842821155,1.736286017519682
Madagascar,2020,224883.0,1774.5,126731.0,103.67,2.583249703494217,219701.0,2.3586601790615425,1.7744908506995132
Madagascar,2021,232026.0,1823.3,127258.0,104.4,3.176318352209817,225376.3333333333,2.950472469011087,1.8232724072356945
Madagascar,2022,266913.78,1804.7,147896.0,105.13,15.03615112099508,241274.26,10.626711693157826,1.80473968193866
Madagascar,2023,268062.0,1818.7,147389.0,105.87,0.4301838593721019,255667.26,4.847996571794131,1.81873816906282
Madagascar,2024,265000.0,1832.7,144592.0,106.6,-1.142273056233256,266658.5933333333,-0.6219913307875359,1.8327431669801928
Malawi,2000,2501311.0,1742.8,1435220.0,4.61,0.0,2501311.0,0.0,1.7428066777218825
Malawi,2001,1713064.0,1184.5,1446260.0,7.82,0.0,1713064.0,0.0,1.184478586146336
Malawi,2002,1556975.0,1046.0,1488449.0,14.86,0.0,1556975.0,0.0,1.0460385273529695
Malawi,2003,1983440.0,1225.9,1617917.0,8.69,0.0,1983440.0,0.0,1.2259219725115689
Malawi,2004,1608349.0,1046.0,1537650.0,10.9,0.0,1608349.0,0.0,1.0459786037134589
Malawi,2005,1225234.0,809.3,1513929.0,15.24,0.0,1225234.0,0.0,0.8093074377992627
Malawi,2006,2611486.0,1481.4,1762839.0,18.71,0.0,2611486.0,0.0,1.481409249511725
Malawi,2007,3226418.0,2654.7,1215356.0,13.16,0.0,3226418.0,0.0,2.654710224823015
Malawi,2008,2634701.0,1649.8,1596955.0,31.87,0.0,2634701.0,0.0,1.6498279538246226
Malawi,2009,3582502.0,2226.5,1608996.0,32.53,0.0,3582502.0,0.0,2.2265450007333767
Malawi,2010,3419409.0,2015.8,1696270.0,23.85,0.0,3419409.0,0.0,2.015840049048795
Malawi,2011,3699147.0,2207.9,1675377.0,21.01,0.0,3699147.0,0.0,2.2079490168481484
Malawi,2012,3618699.0,2193.2,1650000.0,37.65,0.0,3618699.0,0.0,2.193150909090909
Malawi,2013,3639866.0,2170.8,1676758.0,73.89,0.0,3639866.0,0.0,2.1707759855626154
Malawi,2014,3978123.0,2333.9,1704528.0,66.38,0.0,3978123.0,0.0,2.333856058686041
Malawi,2015,2776277.0,1656.3,1676213.0,83.17,0.0,2776277.0,0.0,1.6562793630642407
Malawi,2016,2369493.0,1415.4,1674076.0,150.45,0.0,2369493.0,0.0,1.4154034822791797
Malawi,2017,3464139.0,2007.8,1725367.0,89.64,0.0,3464139.0,0.0,2.007769361532937
Malawi,2018,2697959.0,1600.8,1685347.0,143.3,-22.117472768846746,3208745.6666666665,-15.918577529308696,1.600832944194875
Malawi,2019,3391924.0,1957.8,1732516.0,142.91,25.72185122160864,3184674.0,6.507730461579427,1.957802409905594
Malawi,2020,3691866.0,2095.5,1761836.0,149.06,8.842827846378643,3260583.0,13.22717440408663,2.095465185181822
Malawi,2021,4581000.0,2462.9,1859995.0,146.65,24.08359349987241,3888263.3333333335,17.816094417473437,2.4629098465318453
Malawi,2022,3716479.0,2047.7,1814931.0,177.85,-18.871883868151063,3996448.3333333335,-7.005453592335531,2.0477246793404267
Malawi,2023,3509837.0,1960.8,1790000.0,181.63,-5.56015518989883,3935772.0,-10.822146201558423,1.9608027932960892
Malawi,2024,3000000.0,2000.0,1500000.0,194.01,-14.525945221957604,3408772.0,-11.99176712317515,2.0
Mali,2000,214548.0,1332.2,161053.0,77.97,0.0,214548.0,0.0,1.332157736894066
Mali,2001,301931.0,1158.5,260627.0,83.39,0.0,301931.0,0.0,1.158479359391007
Mali,2002,365174.0,1147.8,318161.0,121.02,0.0,365174.0,0.0,1.1477648108976273
Mali,2003,454758.0,1436.0,316683.0,78.31,0.0,454758.0,0.0,1.4360038271710196
Mali,2004,459463.0,1821.0,252311.0,53.9,0.0,459463.0,0.0,1.821018504940332
Mali,2005,634464.0,1493.3,424861.0,87.46,0.0,634464.0,0.0,1.493344882208534
Mali,2006,706737.0,1713.4,412484.0,73.22,0.0,706737.0,0.0,1.7133682761028306
Mali,2007,689918.0,1683.1,409916.0,75.25,0.0,689918.0,0.0,1.6830716537046615
Mali,2008,695073.0,1973.2,352263.0,77.29,0.0,695073.0,0.0,1.9731649364253407
Mali,2009,1476993.0,3334.9,442890.0,84.41,0.0,1476993.0,0.0,3.334898055950688
Mali,2010,1356043.0,2688.6,504362.0,103.73,0.0,1356043.0,0.0,2.688630388490806
Mali,2011,1298234.0,1403.7,924850.0,172.88,0.0,1298234.0,0.0,1.403723847110342
Mali,2012,1418907.0,2442.7,580881.0,155.59,0.0,1418907.0,0.0,2.442681031054553
Mali,2013,1635564.0,2592.7,630832.0,106.78,0.0,1635564.0,0.0,2.592709310878332
Mali,2014,1744026.0,2171.5,803136.0,91.53,0.0,1744026.0,0.0,2.1715201410470955
Mali,2015,2276036.0,2529.9,899640.0,102.71,0.0,2276036.0,0.0,2.529940865234983
Mali,2016,2811385.0,2725.5,1031522.0,105.76,0.0,2811385.0,0.0,2.7254726510922693
Mali,2017,3598205.0,2918.2,1233008.0,112.1,0.0,3598205.0,0.0,2.918233296134332
Mali,2018,3624949.97,2880.2,1258559.0,136.93,0.0,3624949.97,0.0,2.880238407575648
Mali,2019,3816536.0,2664.9,1432151.0,92.39,0.0,3816536.0,0.0,2.6648977656685644
Mali,2020,3516865.0,3005.5,1170148.0,104.26,0.0,3516865.0,0.0,3.0054873400629663
Mali,2021,3603000.0,2345.4,1536189.0,123.64,0.0,3603000.0,0.0,2.345414529071618
Mali,2022,3904687.0,2685.5,1454000.0,215.05,0.0,3904687.0,0.0,2.685479367262724
Mali,2023,3386941.0,2244.3,1509160.0,165.36,0.0,3386941.0,0.0,2.2442557449177025
Mali,2024,3952763.0,2473.3,1598149.0,166.57,0.0,3952763.0,0.0,2.4733382181511234
Mauritius,2000,623.0,8900.0,70.0,71.9,0.0,623.0,0.0,8.9
Mauritius,2001,389.0,7203.7,54.0,71.9,0.0,389.0,0.0,7.203703703703703
Mauritius,2002,295.0,7763.2,38.0,71.9,0.0,295.0,0.0,7.763157894736842
Mauritius,2003,177.0,6555.6,27.0,76.86,0.0,177.0,0.0,6.555555555555555
Mauritius,2004,369.0,6473.7,57.0,81.1,0.0,369.0,0.0,6.473684210526316
Mauritius,2005,475.0,7539.7,63.0,87.57,0.0,475.0,0.0,7.5396825396825395
Mauritius,2006,452.0,7793.1,58.0,90.52,0.0,452.0,0.0,7.793103448275862
Mauritius,2007,1021.0,9453.7,108.0,97.02,0.0,1021.0,0.0,9.453703703703704
Mauritius,2008,460.0,7541.0,61.0,102.94,0.0,460.0,0.0,7.540983606557377
Mauritius,2009,112.0,8000.0,14.0,99.45,0.0,112.0,0.0,8.0
Mauritius,2010,328.0,6833.3,48.0,97.02,0.0,328.0,0.0,6.833333333333333
Mauritius,2011,320.0,7441.9,43.0,102.07,0.0,320.0,0.0,7.441860465116279
Mauritius,2012,413.0,7120.7,58.0,106.15,0.0,413.0,0.0,7.120689655172414
Mauritius,2013,632.0,6795.7,93.0,109.55,0.0,632.0,0.0,6.795698924731183
Mauritius,2014,625.0,9058.0,69.0,100.8,0.0,625.0,0.0,9.057971014492754
Mauritius,2015,451.0,6352.1,71.0,97.4,0.0,451.0,0.0,6.352112676056338
Mauritius,2016,415.0,6803.3,61.0,101.8,0.0,415.0,0.0,6.80327868852459
Mauritius,2017,442.0,7491.5,59.0,105.36,0.0,442.0,0.0,7.491525423728813
Mauritius,2018,387.0,6046.9,64.0,104.42,0.0,387.0,0.0,6.046875
Mauritius,2019,495.0,7173.9,69.0,106.81,0.0,495.0,0.0,7.173913043478261
Mauritius,2020,778.0,8942.5,87.0,100.31,0.0,778.0,0.0,8.942528735632184
Mauritius,2021,1106.0,8640.6,128.0,100.37,0.0,1106.0,0.0,8.640625
Mauritius,2022,823.1,9300.6,89.0,103.21,0.0,823.1,0.0,9.248314606741571
Mauritius,2023,1501.5,11630.5,129.0,105.9,0.0,1501.5,0.0,11.63953488372093
Mauritius,2024,1288.9,11890.2,108.0,106.95,0.0,1288.9,0.0,11.93425925925926
Morocco,2000,675.0,400.0,237500.0,95.44,0.0,675.0,0.0,0.0028421052631578
Morocco,2001,675.0,210.7,254200.0,90.2,0.0,675.0,0.0,0.0026553894571203
Morocco,2002,675.0,749.4,265400.0,83.36,0.0,675.0,0.0,0.0025433308214016
Morocco,2003,675.0,561.7,246700.0,77.32,0.0,675.0,0.0,0.0027361167409809
Morocco,2004,675.0,915.2,244900.0,79.33,0.0,675.0,0.0,0.0027562270314414
Morocco,2005,675.0,203.6,246200.0,80.54,0.0,675.0,0.0,0.0027416734362307
Morocco,2006,675.0,1219.8,243800.0,74.9,0.0,675.0,0.0,0.0027686628383921
Morocco,2007,675.0,415.5,228300.0,99.46,0.0,675.0,0.0,0.0029566360052562
Morocco,2008,675.0,551.5,219300.0,124.43,0.0,675.0,0.0,0.0030779753761969
Morocco,2009,675.0,915.1,223500.0,88.19,0.0,675.0,0.0,0.0030201342281879
Morocco,2010,748.57,1213.2,230100.0,86.98,0.0,748.57,0.0,0.0032532377227292
Morocco,2011,607.83,1153.3,191880.0,97.45,0.0,607.83,0.0,0.0031677611006879
Morocco,2012,727.38,764.8,117960.0,111.54,0.0,727.38,0.0,0.0061663275686673
Morocco,2013,817.19,663.2,178126.0,106.31,0.0,817.19,0.0,0.004587707577782
Morocco,2014,753.09,708.5,137447.0,102.68,0.0,753.09,0.0,0.0054791301374347
Morocco,2015,753.57,754.4,125967.0,95.44,0.0,753.57,0.0,0.0059822810736145
Morocco,2016,775.89,927.5,138825.0,101.88,0.0,775.89,0.0,0.0055889789303079
Morocco,2017,851.75,936.2,130742.0,117.18,0.0,851.75,0.0,0.0065147389515228
Morocco,2018,750.77,799.0,148178.0,112.07,0.0,750.77,0.0,0.0050666765646722
Morocco,2019,944.04,639.7,63292.0,122.38,0.0,944.04,0.0,0.0149156291474435
Morocco,2020,981.07,420.4,71087.0,124.83,0.0,981.07,0.0,0.013800976268516
Morocco,2021,912.77,530.6,91658.0,153.02,0.0,912.77,0.0,0.0099584324336119
Morocco,2022,879.43,311.3,114959.0,223.61,0.0,879.43,0.0,0.0076499447629154
Morocco,2023,914.24,129.5,83685.0,211.45,0.0,914.24,0.0,0.0109247774392065
Morocco,2024,73227.36,722.4,101364.0,271.41,0.0,73227.36,0.0,0.7224197940097076
Mozambique,2000,20745.77,939.9,1255866.0,4.89,0.0,20745.77,0.0,0.0165190951900919
Mozambique,2001,20511.83,958.0,1193380.0,11.6,0.0,20511.83,0.0,0.0171880122006402
Mozambique,2002,20988.68,706.5,1577800.0,18.32,0.0,20988.68,0.0,0.0133024971479274
Mozambique,2003,20442.33,871.1,1356000.0,15.27,0.0,20442.33,0.0,0.0150754646017699
Mozambique,2004,19636.64,808.5,1311600.0,16.8,0.0,19636.64,0.0,0.0149715157060079
Mozambique,2005,20011.34,495.0,1902200.0,21.38,0.0,20011.34,0.0,0.0105201030385868
Mozambique,2006,21554.35,838.7,1663900.0,21.68,0.0,21554.35,0.0,0.012954113828956
Mozambique,2007,21532.78,681.3,1664300.0,22.9,0.0,21532.78,0.0,0.0129380400168238
Mozambique,2008,22079.74,617.7,1964522.0,41.47,0.0,22079.74,0.0,0.0112392429303413
Mozambique,2009,22439.76,1000.0,1612000.0,48.52,-98.6079553349876,552173.1666666666,-95.93610096349605,0.013920446650124
Mozambique,2010,32414.53,1202.4,1738042.0,54.96,-98.44898391781386,714914.7633333333,-95.46595878802876,0.0186500268693161
Mozambique,2011,33459.44,1202.0,1812717.0,58.53,-98.4643475754552,748238.6566666667,-95.52823959282476,0.0184581708010682
Mozambique,2012,34533.0,1498.0,1572000.0,65.62,-98.5334923292132,807590.1466666666,-95.7239448571116,0.0219675572519083
Mozambique,2013,24049.8,681.4,1722500.0,64.63,-97.9509571793349,410763.93333333335,-94.14510426832346,0.0139621480406386
Mozambique,2014,21759.14,796.7,1703500.0,79.32,-98.39678607742296,467676.3133333333,-95.34739319062083,0.0127731963604344
Mozambique,2015,22589.59,803.6,1570526.0,73.14,0.0,22589.59,0.0,0.0143834549698636
Mozambique,2016,19317.6,732.3,1662000.0,147.53,0.0,19317.6,0.0,0.0116231046931407
Mozambique,2017,19161.01,740.0,1654000.0,101.58,0.0,19161.01,0.0,0.0115846493349455
Mozambique,2018,20255.41,871.9,1613535.0,117.07,0.0,482434.94,-95.80142143104312,0.0125534370187197
Mozambique,2019,23859.0,883.1,1643827.0,125.71,-98.35646276123072,498600.1366666667,-95.2148027556698,0.0145143010791281
Mozambique,2020,27741.6,713.9,2286362.0,142.61,0.0,27741.6,0.0,0.0121335116661316
Mozambique,2021,31021.2,1100.0,1658437.0,136.01,0.0,31021.2,0.0,0.0187050819536708
Mozambique,2022,37375.2,1310.9,1817487.0,129.17,0.0,37375.2,0.0,0.0205642186161441
Mozambique,2023,34336.8,790.4,2688164.0,158.79,0.0,34336.8,0.0,0.0127733278177968
Mozambique,2024,2318945.0,810.0,2862895.0,160.52,0.0,2318945.0,0.0,0.810000017464839
Namibia,2000,31550.0,717.0,44000.0,20.9,0.0,31550.0,0.0,0.7170454545454545
Namibia,2001,27700.0,1325.4,20900.0,17.56,0.0,27700.0,0.0,1.325358851674641
Namibia,2002,27800.0,1323.8,21000.0,23.21,0.0,27800.0,0.0,1.3238095238095238
Namibia,2003,28891.0,1234.7,23400.0,35.89,0.0,28891.0,0.0,1.2346581196581197
Namibia,2004,28244.0,1130.1,24992.0,50.48,0.0,28244.0,0.0,1.1301216389244555
Namibia,2005,40723.0,2260.6,18014.0,36.43,0.0,40723.0,0.0,2.2606306206284
Namibia,2006,60853.0,2105.3,28904.0,43.89,49.43152518232941,47433.0,28.292538949676388,2.1053487406587323
Namibia,2007,55523.0,2029.6,27356.0,48.49,-8.75881221961119,52366.333333333336,6.028046009204382,2.029646147097529
Namibia,2008,58101.0,2098.0,27694.0,53.92,4.643120868829143,58159.0,-0.0997266115304596,2.0979634577886905
Namibia,2009,57320.0,2113.0,27127.0,58.18,-1.3442109430130245,56981.333333333336,0.5943466866342151,2.1130239245032625
Namibia,2010,53070.76,1979.2,26814.0,66.16,-7.413189113747376,56163.920000000006,-5.507379114563235,1.9792183187886925
Namibia,2011,53800.0,1918.8,28038.0,73.14,1.3740899885360536,54730.25333333333,-1.6997058786986563,1.918824452528711
Namibia,2012,87600.0,1885.0,46471.0,80.33,62.82527881040891,64823.58666666667,35.135996794582375,1.885046588194788
Namibia,2013,40000.0,1849.1,21632.0,86.29,-54.337899543379,60466.66666666666,-33.84785005512679,1.849112426035503
Namibia,2014,55985.0,1600.0,34991.0,92.77,39.96249999999999,61195.0,-8.513767464662147,1.59998285273356
Namibia,2015,55870.88,1851.0,30184.0,97.14,-0.2038403143699296,50618.62666666667,10.376127681061794,1.8510098065200105
Namibia,2016,43611.0,1951.3,22350.0,110.09,0.0,43611.0,0.0,1.951275167785235
Namibia,2017,71037.0,2354.2,30174.0,100.88,0.0,71037.0,0.0,2.354245376814476
Namibia,2018,59253.0,2353.9,25172.0,100.21,0.0,59253.0,0.0,2.353924996027332
Namibia,2019,45000.0,2162.4,20811.0,134.53,-24.05447825426561,54502.0,-17.43422259733588,2.162318004901254
Namibia,2020,60142.0,2160.4,27838.0,103.97,0.0,60142.0,0.0,2.160428191680437
Namibia,2021,78127.0,2229.3,35046.0,97.8,0.0,78127.0,0.0,2.229270102151458
Namibia,2022,98856.0,1930.0,51221.0,137.8,0.0,98856.0,0.0,1.9299896526815172
Namibia,2023,73902.0,1184.1,62414.0,154.81,-25.24277737314883,90538.0,-18.374605138174022,1.184061268305188
Namibia,2024,30056.0,933.0,32215.0,160.61,-59.32992341208627,67604.66666666667,-55.54153066356366,0.932981530343008
Niger,2000,3784.0,615.4,6149.0,34.12,0.0,3784.0,0.0,0.6153846153846154
Niger,2001,2325.0,261.2,8901.0,34.93,0.0,2325.0,0.0,0.2612066059993259
Niger,2002,2907.0,585.3,4967.0,36.56,0.0,2907.0,0.0,0.585262734044695
Niger,2003,2216.0,508.5,4358.0,35.34,0.0,2216.0,0.0,0.5084901330885727
Niger,2004,3970.0,750.9,5287.0,41.84,79.15162454873645,2800.6666666666665,41.75196381813855,0.7508984301115945
Niger,2005,979.0,825.5,1186.0,48.34,-75.34005037783376,2388.333333333333,-59.009071877180745,0.8254637436762225
Niger,2006,19085.0,1122.7,16999.0,54.84,1849.438202247191,8011.333333333333,138.22501456270285,1.1227131007706337
Niger,2007,19324.0,1087.4,17771.0,61.34,0.0,19324.0,0.0,1.087389567272523
Niger,2008,6409.0,958.9,6684.0,93.02,0.0,6409.0,0.0,0.95885697187313
Niger,2009,1389.0,901.4,1541.0,92.21,0.0,1389.0,0.0,0.9013627514600908
Niger,2010,9756.0,786.9,12398.0,84.9,0.0,9756.0,0.0,0.7869011130827552
Niger,2011,6983.0,840.5,8308.0,87.74,0.0,6983.0,0.0,0.840515166104959
Niger,2012,15844.0,1043.7,15180.0,99.11,0.0,15844.0,0.0,1.0437417654808958
Niger,2013,17813.0,1232.6,14452.0,101.12,12.42741731885888,16500.333333333332,7.95539484050828,1.2325629670633822
Niger,2014,56596.83,1760.2,32154.0,102.85,217.72767080222312,30084.61,88.12552331574184,1.7601800709087516
Niger,2015,35387.0,1222.9,28936.0,105.17,-37.47529676132038,36598.943333333336,-3.311416185694987,1.2229402820016588
Niger,2016,38022.36,1217.7,31224.0,91.98,7.447254641535039,43335.39666666667,-12.260270068679038,1.217728670253651
Niger,2017,38344.55,1425.7,26895.0,84.87,0.8473698108165895,37251.30333333334,2.9347876955714547,1.4257129577988474
Niger,2018,29535.77,1463.2,20185.0,82.59,-22.97270407398183,35300.89333333333,-16.331380848907695,1.4632534059945503
Niger,2019,37900.27,1559.9,24297.0,80.83,28.31989821155838,35260.19666666666,7.487403880050207,1.5598744700991891
Niger,2020,6419.0,756.9,8481.0,79.21,0.0,6419.0,0.0,0.7568682938332744
Niger,2021,5681.0,542.8,10467.0,81.65,0.0,5681.0,0.0,0.5427534154963217
Niger,2022,46109.82,1484.2,31066.0,84.08,0.0,46109.82,0.0,1.48425352475375
Niger,2023,43379.94,1414.7,30664.0,86.13,-5.920387457595799,45199.86000000001,-4.0263841525172985,1.4146862770675712
Niger,2024,44297.95,1215.1,36455.0,85.05,2.1162085516946094,44595.90333333333,-0.6681181701966447,1.2151405842819911
Nigeria,2000,4107000.0,1300.1,3159000.0,34.14,0.0,4107000.0,0.0,1.3000949667616335
Nigeria,2001,4596000.0,1399.9,3283000.0,55.64,0.0,4596000.0,0.0,1.3999390801096558
Nigeria,2002,4890000.0,1489.9,3282000.0,67.67,0.0,4890000.0,0.0,1.489945155393053
Nigeria,2003,5203000.0,1499.9,3469000.0,55.71,0.0,5203000.0,0.0,1.4998558662438743
Nigeria,2004,5567000.0,1600.2,3479000.0,65.33,0.0,5567000.0,0.0,1.6001724633515375
Nigeria,2005,5957000.0,1659.8,3589000.0,91.84,0.0,5957000.0,0.0,1.6597938144329898
Nigeria,2006,7100000.0,1818.2,3905000.0,82.64,0.0,7100000.0,0.0,1.818181818181818
Nigeria,2007,6724000.0,1704.9,3944000.0,77.37,0.0,6724000.0,0.0,1.704868154158215
Nigeria,2008,7525000.0,1957.1,3845000.0,120.83,0.0,7525000.0,0.0,1.9570871261378413
Nigeria,2009,7358260.0,2196.1,3350560.0,37.07,0.0,7358260.0,0.0,2.196128408385464
Nigeria,2010,7676850.0,1850.2,4149310.0,73.34,0.0,7676850.0,0.0,1.8501509889596104
Nigeria,2011,8878456.0,1627.1,5456540.0,77.27,0.0,8878456.0,0.0,1.6271219490739552
Nigeria,2012,8694900.0,1511.8,5751300.0,80.55,0.0,8694900.0,0.0,1.511814720150227
Nigeria,2013,8422670.0,1461.6,5762700.0,81.67,0.0,8422670.0,0.0,1.461583979731723
Nigeria,2014,10790600.0,1700.2,6346551.0,94.36,0.0,10790600.0,0.0,1.70023056617681
Nigeria,2015,9540190.0,1718.8,5550360.0,99.42,0.0,9540190.0,0.0,1.7188416607211063
Nigeria,2016,10532340.0,1783.7,5904906.0,106.22,0.0,10532340.0,0.0,1.783659214896901
Nigeria,2017,10632299.0,1664.1,6389296.0,111.57,0.0,10632299.0,0.0,1.6640798923699889
Nigeria,2018,10934149.0,1671.6,6541183.0,118.01,0.0,10934149.0,0.0,1.6715858583990082
Nigeria,2019,12598945.0,1857.2,6783924.0,121.93,0.0,12598945.0,0.0,1.8571766134172492
Nigeria,2020,12403300.0,2050.6,6048600.0,129.26,0.0,12403300.0,0.0,2.050606751975664
Nigeria,2021,12744450.0,2053.8,6205280.0,127.29,0.0,12744450.0,0.0,2.0538074027279998
Nigeria,2022,12948920.0,2232.6,5800000.0,143.63,0.0,12948920.0,0.0,2.232572413793104
Nigeria,2023,11053000.0,1939.1,5700000.0,152.12,0.0,11053000.0,0.0,1.939122807017544
Nigeria,2024,11164000.0,2029.8,5500000.0,158.12,0.0,11164000.0,0.0,2.029818181818182
Rwanda,2000,62501.0,701.8,89053.0,32.49,0.0,62501.0,0.0,0.7018404770193031
Rwanda,2001,80979.0,767.1,105560.0,30.93,0.0,80979.0,0.0,0.767137173171656
Rwanda,2002,91686.0,876.3,104628.0,23.1,0.0,91686.0,0.0,0.8763046220896892
Rwanda,2003,78886.0,767.2,102820.0,38.52,0.0,78886.0,0.0,0.7672242754327951
Rwanda,2004,88209.0,767.0,115000.0,48.82,11.818320107496906,81993.66666666667,7.580260264004124,0.7670347826086956
Rwanda,2005,97251.0,888.9,109400.0,57.73,10.250654695099136,88115.33333333333,10.367851225288076,0.8889488117001828
Rwanda,2006,96662.0,853.1,113312.0,60.35,0.0,96662.0,0.0,0.853060576108444
Rwanda,2007,101659.0,720.1,141168.0,62.66,0.0,101659.0,0.0,0.7201277910007934
Rwanda,2008,166853.0,1151.5,144896.0,77.99,0.0,166853.0,0.0,1.1515362742932862
Rwanda,2009,286946.0,1950.3,147129.0,91.14,0.0,286946.0,0.0,1.9503021158303255
Rwanda,2010,432404.0,2341.6,184658.0,71.54,0.0,432404.0,0.0,2.341647802965482
Rwanda,2011,525679.0,2352.9,223414.0,88.55,0.0,525679.0,0.0,2.3529367004753508
Rwanda,2012,573038.0,2258.7,253698.0,98.71,0.0,573038.0,0.0,2.258740707455321
Rwanda,2013,667833.0,2284.5,292326.0,103.09,0.0,667833.0,0.0,2.284548757209417
Rwanda,2014,357083.0,1531.6,233150.0,96.53,0.0,357083.0,0.0,1.531559082135964
Rwanda,2015,370140.0,1531.3,241713.0,91.18,0.0,370140.0,0.0,1.5313202020578125
Rwanda,2016,374266.77,1574.8,237658.0,112.29,0.0,374266.77,0.0,1.57481241952722
Rwanda,2017,410280.02,1379.3,297447.0,136.18,0.0,410280.02,0.0,1.379338235046916
Rwanda,2018,424203.68,1431.5,296330.0,89.21,0.0,424203.68,0.0,1.431524584078561
Rwanda,2019,421218.19,1461.0,288298.0,129.51,0.0,421218.19,0.0,1.461051377394224
Rwanda,2020,448632.58,1523.7,294439.0,132.11,0.0,448632.58,0.0,1.523685992684393
Rwanda,2021,482682.0,1521.6,317212.0,119.91,0.0,482682.0,0.0,1.521638525654767
Rwanda,2022,458522.08,1528.6,299972.0,193.89,0.0,458522.08,0.0,1.5285495979624766
Rwanda,2023,508491.97,1595.1,318792.0,235.93,0.0,508491.97,0.0,1.5950587530427365
Rwanda,2024,627086.15,1833.5,342024.0,178.53,0.0,627086.15,0.0,1.8334565702991603
Senegal,2000,78593.0,1111.4,70715.0,55.7,0.0,78593.0,0.0,1.111404935303684
Senegal,2001,108546.0,1227.9,88399.0,68.88,0.0,108546.0,0.0,1.2279098179843664
Senegal,2002,80372.0,743.4,108114.0,85.65,0.0,80372.0,0.0,0.7434004846735853
Senegal,2003,400907.0,2283.4,175575.0,83.25,0.0,400907.0,0.0,2.2833945607290334
Senegal,2004,400555.0,2719.4,147298.0,55.1,0.0,400555.0,0.0,2.719351247131665
Senegal,2005,399958.0,2796.1,143039.0,58.7,0.0,399958.0,0.0,2.7961465054985
Senegal,2006,181585.0,1391.9,130461.0,76.07,0.0,181585.0,0.0,1.3918719004146831
Senegal,2007,158266.0,1100.8,143769.0,85.65,0.0,158266.0,0.0,1.1008353678470324
Senegal,2008,397326.0,1835.1,216517.0,101.22,0.0,397326.0,0.0,1.8350799244401133
Senegal,2009,291301.0,1630.0,178710.0,91.64,0.0,291301.0,0.0,1.630020703933747
Senegal,2010,186511.03,1538.4,121235.0,86.25,0.0,186511.03,0.0,1.5384256196642885
Senegal,2011,124092.0,1133.1,109517.0,92.84,0.0,124092.0,0.0,1.1330843613320307
Senegal,2012,228422.65,1546.5,147699.0,108.41,0.0,228422.65,0.0,1.5465416150414018
Senegal,2013,225902.0,1442.8,156576.0,98.23,0.0,225902.0,0.0,1.442762620069487
Senegal,2014,178732.0,1221.2,146361.0,99.42,0.0,178732.0,0.0,1.2211723068303717
Senegal,2015,304296.0,1525.3,199502.0,100.68,70.25266880021486,220586.66666666663,37.948500967118,1.5252779420757687
Senegal,2016,400462.0,1824.8,219453.0,99.9,31.60278150222151,294496.6666666667,35.98184472942534,1.824818981740965
Senegal,2017,410364.0,1771.4,231659.0,97.34,0.0,410364.0,0.0,1.7714140180178624
Senegal,2018,485672.51,1935.8,250891.0,96.12,0.0,485672.51,0.0,1.9357908812990503
Senegal,2019,530704.97,2053.9,258391.0,100.08,0.0,530704.97,0.0,2.053883339590001
Senegal,2020,761883.04,2654.9,286977.0,104.33,0.0,761883.04,0.0,2.654857497290724
Senegal,2021,754620.83,2648.2,284955.0,113.15,0.0,754620.83,0.0,2.648210524468776
Senegal,2022,787750.0,2841.4,277243.0,153.09,0.0,787750.0,0.0,2.841370205920438
Senegal,2023,855033.0,3074.0,278149.0,152.44,0.0,855033.0,0.0,3.0740106921110626
Senegal,2024,774000.0,2814.5,275000.0,149.73,0.0,774000.0,0.0,2.8145454545454545
Sierra Leone,2011,52416.0,1520.0,34484.0,72.37,0.0,52416.0,0.0,1.520009279665932
Sierra Leone,2012,39237.0,2200.0,17835.0,80.83,0.0,39237.0,0.0,2.2
Sierra Leone,2013,40022.0,2099.9,19059.0,102.23,0.0,40022.0,0.0,2.099900309565035
Sierra Leone,2014,20812.0,603.4,34492.0,97.66,0.0,20812.0,0.0,0.6033862924736171
Sierra Leone,2015,22619.0,614.1,36835.0,100.6,0.0,22619.0,0.0,0.6140627120944754
Sierra Leone,2016,12554.0,333.2,37680.0,101.73,0.0,12554.0,0.0,0.3331740976645435
Sierra Leone,2017,22418.0,2133.0,10510.0,16.45,0.0,22418.0,0.0,2.1330161750713605
Sierra Leone,2018,22981.0,2143.8,10720.0,16.65,0.0,22981.0,0.0,2.14375
Sierra Leone,2019,38685.0,3299.1,11726.0,19.54,0.0,33450.333333333336,15.64907175812896,3.2990789698106773
Sierra Leone,2020,26549.0,1625.1,16337.0,47.04,-31.37133255783896,34639.666666666664,-23.35665277764412,1.6250841647793353
Sierra Leone,2021,22544.65,2990.8,7538.0,46.26,-15.08286564465704,29259.55,-22.949430186041816,2.990799946935527
Sierra Leone,2022,24000.0,1600.0,15000.0,42.06,6.455411816107137,24364.55,-1.4962312047626545,1.6
Sierra Leone,2023,25294.0,1582.4,15985.0,41.85,5.391666666666661,23946.216666666664,5.62837692523455,1.5823584610572412
Sierra Leone,2024,27442.91,1703.7,16108.0,38.02,8.495730212698671,25578.97,7.287001783105413,1.703682021355848
